{
  "weights": {
    "room_density": 0.16731196405275767,
    "path_density": 0.09532001043601174,
    "obstacle_density": 0.01967118245953162,
    "avg_room_size": 0.2401408750156231,
    "connectivity": 0.4775559680360759
  },
  "iteration": 423,
  "learning_rate": 0.1
}